,Date,Open,High,Low,Close,Adj Close,polarTweet
0,2016-01-04,25.65,26.34,25.5,26.34,24.44,0.070389
1,2016-01-05,26.44,26.46,25.6,25.68,23.83,0.133635
2,2016-01-06,25.14,25.59,24.97,25.17,23.36,0.072042
3,2016-01-07,24.67,25.03,24.11,24.11,22.38,0.074369
4,2016-01-08,24.64,24.78,24.19,24.24,22.5,0.051595
5,2016-01-11,24.74,24.76,24.33,24.63,22.86,0.019443
6,2016-01-12,25.14,25.17,24.71,24.99,23.19,0.121364
7,2016-01-13,25.08,25.3,24.33,24.35,22.6,0.107714
8,2016-01-14,24.49,25.12,23.93,24.88,23.09,0.039248
9,2016-01-15,24.05,24.43,23.84,24.28,22.54,0.093784
10,2016-01-19,24.6,24.66,23.88,24.17,22.43,0.120585
11,2016-01-20,23.78,24.55,23.36,24.2,22.46,0.024679
12,2016-01-21,24.26,24.47,23.74,24.08,22.34,0.124546
13,2016-01-22,24.66,25.37,24.59,25.36,23.53,0.096273
14,2016-01-25,25.38,25.38,24.8,24.86,23.07,0.05914
15,2016-01-26,24.98,25.22,24.52,25.0,23.2,0.060451
16,2016-01-27,24.01,24.16,23.33,23.36,21.68,0.058256
17,2016-01-28,23.45,23.63,23.1,23.52,21.83,0.051211
18,2016-01-29,23.7,24.33,23.59,24.33,22.58,0.082394
19,2016-02-01,24.12,24.18,23.85,24.11,22.37,0.037314
20,2016-02-02,23.86,24.01,23.57,23.62,21.92,0.09529
21,2016-02-03,23.75,24.21,23.52,24.09,22.35,0.092704
22,2016-02-04,23.97,24.33,23.8,24.15,22.53,0.123246
23,2016-02-05,24.13,24.23,23.42,23.5,21.93,0.110406
24,2016-02-08,23.28,23.92,23.26,23.75,22.16,0.061634
25,2016-02-09,23.57,23.99,23.48,23.75,22.16,0.099071
26,2016-02-10,23.98,24.09,23.53,23.57,21.99,0.073528
27,2016-02-11,23.45,23.68,23.15,23.42,21.86,0.071487
28,2016-02-12,23.55,23.63,23.25,23.5,21.93,0.053297
29,2016-02-16,23.75,24.21,23.65,24.16,22.54,0.041126
30,2016-02-17,24.17,24.55,24.04,24.53,22.89,0.039958
31,2016-02-18,24.71,24.72,24.02,24.07,22.46,0.037987
32,2016-02-19,24.0,24.19,23.95,24.01,22.4,0.057315
33,2016-02-22,24.08,24.23,23.98,24.22,22.6,0.065872
34,2016-02-23,24.1,24.13,23.64,23.67,22.09,0.059714
35,2016-02-24,23.5,24.09,23.33,24.03,22.42,0.017401
36,2016-02-25,24.01,24.19,23.81,24.19,22.57,-0.030528
37,2016-02-26,24.3,24.5,24.15,24.23,22.61,0.019646
38,2016-02-29,24.22,24.56,24.16,24.17,22.56,0.274161
39,2016-03-01,24.41,25.19,24.36,25.13,23.45,0.042563
40,2016-03-02,25.13,25.22,24.91,25.19,23.5,0.053849
41,2016-03-03,25.15,25.43,25.11,25.38,23.68,0.039978
42,2016-03-04,25.59,25.94,25.34,25.75,24.03,0.036094
43,2016-03-07,25.6,25.71,25.24,25.47,23.76,-0.042325
44,2016-03-08,25.2,25.44,25.1,25.26,23.57,-0.025117
45,2016-03-09,25.33,25.4,25.07,25.28,23.59,0.01374
46,2016-03-10,25.35,25.56,25.04,25.29,23.6,0.02206
47,2016-03-11,25.56,25.57,25.38,25.57,23.85,-0.036876
48,2016-03-14,25.48,25.73,25.45,25.63,23.92,0.063526
49,2016-03-15,25.99,26.3,25.96,26.15,24.4,0.077844
50,2016-03-16,26.15,26.58,26.15,26.49,24.72,-0.059234
51,2016-03-17,26.38,26.62,26.24,26.45,24.68,0.015097
52,2016-03-18,26.58,26.63,26.3,26.48,24.71,0.045585
53,2016-03-21,26.48,26.91,26.29,26.48,24.71,0.003023
54,2016-03-22,26.31,26.82,26.3,26.68,24.9,0.059976
55,2016-03-23,26.62,26.77,26.48,26.53,24.76,0.04477
56,2016-03-24,26.37,26.56,26.22,26.42,24.65,0.075023
57,2016-03-28,26.5,26.55,26.26,26.3,24.54,0.023754
58,2016-03-29,26.22,26.95,26.22,26.92,25.12,0.063639
59,2016-03-30,27.16,27.61,27.15,27.39,25.56,0.111083
60,2016-03-31,27.43,27.48,27.22,27.25,25.42,0.041151
61,2016-04-01,27.2,27.5,27.05,27.5,25.66,0.04822
62,2016-04-04,27.61,28.05,27.57,27.78,25.92,0.128883
63,2016-04-05,27.38,27.68,27.36,27.45,25.62,0.056832
64,2016-04-06,27.56,27.75,27.3,27.74,25.88,0.056515
65,2016-04-07,27.49,27.61,27.03,27.14,25.32,0.063461
66,2016-04-08,27.23,27.44,27.04,27.17,25.35,0.047035
67,2016-04-11,27.24,27.65,27.21,27.25,25.43,0.081283
68,2016-04-12,27.33,27.63,27.17,27.61,25.76,0.100048
69,2016-04-13,27.7,28.08,27.7,28.01,26.14,0.132925
70,2016-04-14,27.91,28.1,27.83,28.03,26.15,0.071643
71,2016-04-15,28.03,28.08,27.43,27.46,25.63,0.068979
72,2016-04-18,27.22,27.24,26.74,26.87,25.07,0.054706
73,2016-04-19,26.97,27.0,26.56,26.73,24.94,0.083394
74,2016-04-20,26.66,27.02,26.51,26.78,24.99,0.084602
75,2016-04-21,26.73,26.73,26.38,26.49,24.72,0.096164
76,2016-04-22,26.25,26.62,26.16,26.42,24.65,0.104014
77,2016-04-25,26.25,26.41,26.13,26.27,24.51,0.103919
78,2016-04-26,25.98,26.33,25.98,26.09,24.34,0.044244
79,2016-04-27,24.0,24.68,23.92,24.46,22.82,0.017513
80,2016-04-28,24.4,24.47,23.56,23.71,22.12,0.012647
81,2016-04-29,23.5,23.68,23.13,23.43,21.87,0.048898
82,2016-05-02,23.49,23.52,23.1,23.41,21.84,-0.010478
83,2016-05-03,23.55,23.93,23.42,23.8,22.2,0.040369
84,2016-05-04,23.8,23.98,23.46,23.55,21.97,0.070346
85,2016-05-05,23.5,23.52,23.17,23.31,21.88,0.04677
86,2016-05-06,23.34,23.36,22.96,23.18,21.76,0.022495
87,2016-05-09,23.25,23.44,23.15,23.2,21.78,0.105174
88,2016-05-10,23.33,23.39,23.03,23.36,21.93,0.053812
89,2016-05-11,23.37,23.39,23.12,23.13,21.71,0.060705
90,2016-05-12,23.18,23.2,22.37,22.58,21.2,0.064879
91,2016-05-13,22.5,22.92,22.5,22.63,21.24,0.064057
92,2016-05-16,23.1,23.6,22.91,23.47,22.03,0.077478
93,2016-05-17,23.64,23.67,23.25,23.37,21.94,0.030325
94,2016-05-18,23.54,23.8,23.47,23.64,22.19,0.078611
95,2016-05-19,23.66,23.66,23.39,23.55,22.11,0.090514
96,2016-05-20,23.66,23.86,23.63,23.81,22.35,0.048873
97,2016-05-23,23.97,24.3,23.92,24.11,22.63,0.072557
98,2016-05-24,24.31,24.52,24.21,24.48,22.98,0.074925
99,2016-05-25,24.67,24.93,24.53,24.91,23.38,0.073531
100,2016-05-26,24.92,25.18,24.66,25.1,23.57,0.052449
101,2016-05-27,24.86,25.12,24.81,25.09,23.55,0.070731
102,2016-05-31,24.9,25.1,24.71,24.97,23.44,0.083445
103,2016-06-01,24.75,24.89,24.58,24.62,23.11,-0.001314
104,2016-06-02,24.4,24.46,24.16,24.43,22.93,0.044611
105,2016-06-03,24.45,24.57,24.36,24.48,22.98,0.048158
106,2016-06-06,24.5,25.47,24.39,24.66,23.15,0.122611
107,2016-06-07,24.81,24.97,24.74,24.76,23.24,0.091848
108,2016-06-08,24.75,24.89,24.67,24.74,23.22,0.077984
109,2016-06-09,24.63,25.0,24.62,24.91,23.39,0.082038
110,2016-06-10,24.63,24.84,24.62,24.71,23.2,0.113625
111,2016-06-13,24.67,24.78,24.28,24.33,22.85,0.025166
112,2016-06-14,24.33,24.62,24.19,24.37,22.87,0.03999
113,2016-06-15,24.46,24.6,24.26,24.29,22.8,0.09559
114,2016-06-16,24.11,24.44,24.02,24.39,22.89,0.102223
115,2016-06-17,24.16,24.16,23.83,23.83,22.37,0.045838
116,2016-06-20,24.0,24.14,23.76,23.78,22.32,0.197477
117,2016-06-21,23.74,24.09,23.67,23.98,22.51,0.098632
118,2016-06-22,24.06,24.22,23.84,23.89,22.43,-0.004961
119,2016-06-23,23.99,24.07,23.81,24.03,22.55,0.055681
120,2016-06-24,23.23,23.67,23.16,23.35,21.92,0.069025
121,2016-06-27,23.25,23.26,22.88,23.01,21.6,0.052904
122,2016-06-28,23.23,23.42,23.04,23.4,21.97,0.030595
123,2016-06-29,23.49,23.64,23.41,23.6,22.16,0.027515
124,2016-06-30,23.61,23.94,23.58,23.9,22.44,0.002947
125,2016-07-01,23.87,24.12,23.83,23.97,22.51,0.068112
126,2016-07-05,23.85,23.85,23.62,23.75,22.29,0.075542
127,2016-07-06,23.65,23.92,23.59,23.88,22.42,0.004157
128,2016-07-07,23.92,24.13,23.91,23.99,22.52,0.007375
129,2016-07-08,24.12,24.22,24.01,24.17,22.69,0.040565
130,2016-07-11,24.19,24.41,24.18,24.25,22.76,0.071587
131,2016-07-12,24.29,24.42,24.28,24.36,22.86,0.05212
132,2016-07-13,24.35,24.42,24.21,24.22,22.74,0.05205
133,2016-07-14,24.35,24.75,24.33,24.7,23.19,0.074959
134,2016-07-15,24.73,24.83,24.63,24.7,23.18,0.039557
135,2016-07-18,24.67,25.03,24.65,24.96,23.43,0.129732
136,2016-07-19,24.89,25.0,24.83,24.97,23.44,0.009483
137,2016-07-20,25.0,25.12,24.93,24.99,23.46,0.043532
138,2016-07-21,24.96,25.25,24.78,24.86,23.34,0.051543
139,2016-07-22,24.82,24.83,24.58,24.67,23.16,0.093393
140,2016-07-25,24.56,24.71,24.23,24.33,22.85,0.090127
141,2016-07-26,24.21,24.49,24.11,24.17,22.69,0.086242
142,2016-07-27,26.07,26.09,25.69,25.74,24.16,0.069447
143,2016-07-28,25.71,26.11,25.71,26.08,24.49,0.10339
144,2016-07-29,26.05,26.14,25.92,26.05,24.46,0.065633
145,2016-08-01,26.1,26.54,26.1,26.51,24.89,0.092079
146,2016-08-02,26.51,26.52,26.0,26.12,24.52,0.098601
147,2016-08-03,26.2,26.46,26.19,26.45,24.83,0.115
148,2016-08-04,26.4,26.5,26.32,26.47,24.98,0.064501
149,2016-08-05,26.57,26.91,26.55,26.87,25.36,0.081748
150,2016-08-08,26.88,27.09,26.79,27.09,25.57,0.045386
151,2016-08-09,27.06,27.24,27.0,27.2,25.68,0.074309
152,2016-08-10,27.18,27.23,26.94,27.0,25.48,0.039455
153,2016-08-11,27.13,27.23,26.96,26.98,25.47,0.064803
154,2016-08-12,26.95,27.11,26.95,27.05,25.53,0.125495
155,2016-08-15,27.04,27.39,27.02,27.37,25.83,0.077026
156,2016-08-16,27.41,27.56,27.3,27.34,25.81,0.065696
157,2016-08-17,27.28,27.34,27.08,27.31,25.77,0.075813
158,2016-08-18,27.31,27.4,27.25,27.27,25.74,-0.008067
159,2016-08-19,27.19,27.42,27.09,27.34,25.81,0.061417
160,2016-08-22,27.22,27.28,26.96,27.13,25.6,0.062133
161,2016-08-23,27.15,27.33,27.13,27.21,25.69,0.020396
162,2016-08-24,27.14,27.19,26.92,27.01,25.49,0.027724
163,2016-08-25,26.85,26.97,26.67,26.89,25.38,0.045336
164,2016-08-26,26.85,26.99,26.58,26.74,25.23,0.020984
165,2016-08-29,26.66,26.86,26.57,26.71,25.21,-0.016926
166,2016-08-30,26.45,26.63,26.38,26.5,25.01,-0.04749
167,2016-08-31,26.42,26.64,26.41,26.53,25.04,-0.061656
168,2016-09-01,26.54,26.7,26.41,26.68,25.18,0.031359
169,2016-09-02,26.92,27.0,26.71,26.93,25.42,0.055846
170,2016-09-06,26.98,27.08,26.88,26.92,25.41,0.087911
171,2016-09-07,26.96,27.19,26.77,27.09,25.57,0.040069
172,2016-09-08,26.81,26.82,26.31,26.38,24.9,0.028742
173,2016-09-09,26.16,26.43,25.78,25.78,24.34,0.053576
174,2016-09-12,25.66,26.43,25.63,26.36,24.88,0.081881
175,2016-09-13,26.88,27.2,26.81,26.99,25.47,0.051861
176,2016-09-14,27.18,28.26,27.15,27.94,26.37,0.074549
177,2016-09-15,28.47,28.93,28.37,28.89,27.27,0.111114
178,2016-09-16,28.78,29.03,28.51,28.73,27.12,0.084229
179,2016-09-19,28.8,29.05,28.31,28.4,26.8,0.036759
180,2016-09-20,28.26,28.53,28.13,28.39,26.8,0.126819
181,2016-09-21,28.46,28.5,28.11,28.39,26.79,0.008016
182,2016-09-22,28.59,28.74,28.5,28.66,27.05,0.076237
183,2016-09-23,28.61,28.7,27.89,28.18,26.6,0.040437
184,2016-09-26,27.91,28.35,27.89,28.22,26.64,0.064556
185,2016-09-27,28.25,28.3,28.08,28.27,26.69,0.037265
186,2016-09-28,28.42,28.66,28.36,28.49,26.89,0.075787
187,2016-09-29,28.29,28.45,27.95,28.05,26.47,0.092901
188,2016-09-30,28.12,28.34,27.95,28.26,26.68,0.022217
189,2016-10-03,28.18,28.26,28.07,28.13,26.55,0.064991
190,2016-10-04,28.26,28.58,28.16,28.25,26.66,0.037703
191,2016-10-05,28.35,28.42,28.17,28.26,26.68,0.058547
192,2016-10-06,28.42,28.58,28.28,28.47,26.87,0.057712
193,2016-10-07,28.58,28.64,28.38,28.51,26.91,0.108078
194,2016-10-10,28.75,29.19,28.68,29.01,27.38,0.122678
195,2016-10-11,29.42,29.67,29.05,29.08,27.44,0.080219
196,2016-10-12,29.34,29.5,29.19,29.33,27.69,0.111057
197,2016-10-13,29.2,29.36,28.93,29.25,27.6,0.068728
198,2016-10-14,29.47,29.54,29.28,29.41,27.76,0.09876
199,2016-10-17,29.33,29.46,29.2,29.39,27.74,0.07937
200,2016-10-18,29.55,29.55,29.36,29.37,27.72,0.110381
201,2016-10-19,29.31,29.44,28.45,29.28,27.64,-0.012141
202,2016-10-20,29.22,29.34,29.08,29.26,27.62,0.077335
203,2016-10-21,29.2,29.23,29.07,29.15,27.51,0.090242
204,2016-10-24,29.28,29.43,29.25,29.41,27.76,0.030618
205,2016-10-25,29.49,29.59,29.33,29.56,27.9,0.086242
206,2016-10-26,28.58,28.92,28.33,28.9,27.28,0.084428
207,2016-10-27,28.85,28.97,28.53,28.62,27.01,0.047473
208,2016-10-28,28.47,28.8,28.36,28.43,26.83,-0.01213
209,2016-10-31,28.41,28.56,28.3,28.39,26.79,-0.057831
210,2016-11-01,28.37,28.44,27.63,27.87,26.31,0.077409
211,2016-11-02,27.85,28.09,27.81,27.9,26.33,0.042476
212,2016-11-03,27.75,27.87,27.39,27.46,26.05,0.023721
213,2016-11-04,27.13,27.56,27.03,27.21,25.81,0.097891
214,2016-11-07,27.52,27.63,27.37,27.6,26.19,0.078055
215,2016-11-08,27.58,27.93,27.42,27.76,26.34,-0.035361
216,2016-11-09,27.47,27.83,27.01,27.72,26.3,-0.002498
217,2016-11-10,27.77,27.77,26.46,26.95,25.57,0.078222
218,2016-11-11,26.78,27.22,26.64,27.11,25.72,0.089016
219,2016-11-14,26.93,26.95,26.02,26.43,25.07,0.045465
220,2016-11-15,26.64,26.92,26.54,26.78,25.4,0.020855
221,2016-11-16,26.67,27.56,26.65,27.5,26.09,-0.007081
222,2016-11-17,27.45,27.59,27.21,27.49,26.08,0.044668
223,2016-11-18,27.43,27.64,27.42,27.51,26.1,0.060904
224,2016-11-21,27.53,28.0,27.5,27.93,26.5,0.012415
225,2016-11-22,27.99,28.11,27.85,27.95,26.52,0.05484
226,2016-11-23,27.84,27.88,27.58,27.81,26.38,0.134934
227,2016-11-25,27.78,27.97,27.74,27.95,26.51,0.168167
228,2016-11-28,27.86,28.12,27.85,27.89,26.46,0.13012
229,2016-11-29,27.7,28.01,27.52,27.87,26.44,0.124699
230,2016-11-30,27.9,28.05,27.57,27.63,26.21,0.147272
231,2016-12-01,27.59,27.74,27.26,27.37,25.97,0.101239
232,2016-12-02,27.29,27.52,27.21,27.48,26.07,0.050024
233,2016-12-05,27.5,27.51,27.06,27.28,25.88,0.057157
234,2016-12-06,27.38,27.59,27.3,27.49,26.08,0.140356
235,2016-12-07,27.32,27.8,27.29,27.76,26.33,0.110907
236,2016-12-08,27.72,28.11,27.65,28.03,26.59,0.082994
237,2016-12-09,28.08,28.67,28.08,28.49,27.03,0.063187
238,2016-12-12,28.32,28.75,28.12,28.33,26.87,0.148274
239,2016-12-13,28.46,28.98,28.44,28.8,27.32,0.032446
240,2016-12-14,28.76,29.05,28.75,28.8,27.32,0.069473
241,2016-12-15,28.84,29.18,28.81,28.96,27.47,0.070225
242,2016-12-16,29.12,29.13,28.91,28.99,27.51,0.132216
243,2016-12-19,28.95,29.34,28.94,29.16,27.66,0.122359
244,2016-12-20,29.18,29.38,29.17,29.24,27.74,0.115038
245,2016-12-21,29.2,29.35,29.2,29.26,27.76,0.041485
246,2016-12-22,29.09,29.13,28.91,29.07,27.58,0.088029
247,2016-12-23,28.9,29.13,28.9,29.13,27.64,0.066513
248,2016-12-27,29.13,29.45,29.12,29.32,27.81,0.054105
249,2016-12-28,29.38,29.5,29.05,29.19,27.69,0.012955
250,2016-12-29,29.11,29.28,29.1,29.18,27.69,0.138702
251,2016-12-30,29.16,29.3,28.86,28.96,27.47,0.001856
252,2017-01-03,28.95,29.08,28.69,29.04,27.55,-0.017952
253,2017-01-04,28.96,29.13,28.94,29.0,27.52,0.089383
254,2017-01-05,28.98,29.22,28.95,29.15,27.66,0.021736
255,2017-01-06,29.2,29.54,29.12,29.48,27.97,0.113139
256,2017-01-09,29.49,29.86,29.49,29.75,28.22,0.138939
257,2017-01-10,29.69,29.84,29.58,29.78,28.25,0.072354
258,2017-01-11,29.68,29.98,29.65,29.94,28.4,-0.004991
259,2017-01-12,29.73,29.83,29.55,29.81,28.28,0.10757
260,2017-01-13,29.78,29.91,29.7,29.76,28.23,0.045503
261,2017-01-17,29.58,30.06,29.56,30.0,28.46,0.103723
262,2017-01-18,30.0,30.13,29.93,30.0,28.46,0.040511
263,2017-01-19,29.85,30.02,29.84,29.95,28.41,0.054407
264,2017-01-20,30.11,30.11,29.93,30.0,28.46,0.143749
265,2017-01-23,30.0,30.2,29.94,30.02,28.48,0.034534
266,2017-01-24,29.89,30.03,29.88,29.99,28.45,0.10808
267,2017-01-25,30.11,30.53,30.07,30.47,28.91,0.055793
268,2017-01-26,30.42,30.61,30.4,30.49,28.92,0.031129
269,2017-01-27,30.54,30.59,30.4,30.49,28.92,0.024594
270,2017-01-30,30.23,30.41,30.17,30.41,28.85,0.073126
271,2017-01-31,30.29,30.35,30.16,30.34,28.78,0.183279
272,2017-02-01,31.76,32.62,31.75,32.19,30.54,0.084511
273,2017-02-02,32.0,32.35,31.95,32.13,30.48,0.067226
274,2017-02-03,32.08,32.3,32.04,32.27,30.62,0.056008
275,2017-02-06,32.28,32.63,32.22,32.57,30.9,0.034432
276,2017-02-07,32.63,33.02,32.61,32.88,31.2,0.062669
277,2017-02-08,32.84,33.06,32.81,33.01,31.32,0.078209
278,2017-02-09,32.91,33.11,32.78,33.11,31.54,0.083953
279,2017-02-10,33.12,33.24,33.01,33.03,31.47,0.019754
280,2017-02-13,33.27,33.46,33.19,33.32,31.75,0.00837
281,2017-02-14,33.37,33.77,33.31,33.76,32.16,-0.005932
282,2017-02-15,33.88,34.07,33.65,33.88,32.28,0.040636
283,2017-02-16,33.92,33.97,33.71,33.84,32.24,0.065215
284,2017-02-17,33.78,33.96,33.78,33.93,32.33,0.076694
285,2017-02-21,34.06,34.19,33.99,34.17,32.56,0.066068
286,2017-02-22,34.11,34.28,34.03,34.28,32.66,0.085419
287,2017-02-23,34.35,34.37,34.08,34.13,32.52,0.068798
288,2017-02-24,33.98,34.17,33.82,34.17,32.55,0.031932
289,2017-02-27,34.29,34.36,34.07,34.23,32.62,0.070009
290,2017-02-28,34.27,34.36,34.17,34.25,32.63,0.060035
291,2017-03-01,34.47,35.04,34.4,34.95,33.3,0.120264
292,2017-03-02,35.0,35.07,34.69,34.74,33.1,0.081095
293,2017-03-03,34.7,34.96,34.65,34.95,33.3,0.057957
294,2017-03-06,34.84,34.94,34.65,34.83,33.19,0.059286
295,2017-03-07,34.76,34.99,34.7,34.88,33.23,0.078694
296,2017-03-08,34.74,34.95,34.71,34.75,33.11,0.017571
297,2017-03-09,34.69,34.7,34.26,34.67,33.03,0.207312
298,2017-03-10,34.81,34.84,34.66,34.79,33.14,0.165477
299,2017-03-13,34.71,34.86,34.71,34.8,33.16,0.114218
300,2017-03-14,34.83,34.91,34.71,34.75,33.11,0.100752
301,2017-03-15,34.85,35.19,34.76,35.12,33.46,0.03853
302,2017-03-16,35.18,35.26,35.06,35.17,33.51,0.057112
303,2017-03-17,35.25,35.25,34.97,35.0,33.35,0.047598
304,2017-03-20,35.1,35.38,35.06,35.37,33.7,0.099788
305,2017-03-21,35.53,35.7,34.93,34.96,33.31,0.100939
306,2017-03-22,34.96,35.4,34.94,35.36,33.69,0.042186
307,2017-03-23,35.31,35.4,35.15,35.23,33.57,0.092029
308,2017-03-24,35.38,35.44,35.09,35.16,33.5,0.034856
309,2017-03-27,34.85,35.31,34.65,35.22,33.56,0.131442
310,2017-03-28,35.23,36.01,35.15,35.95,34.25,0.108654
311,2017-03-29,35.92,36.12,35.8,36.03,34.33,0.039046
312,2017-03-30,36.05,36.13,35.88,35.98,34.29,0.125301
313,2017-03-31,35.93,36.07,35.75,35.92,34.22,0.113789
314,2017-04-03,35.93,36.03,35.76,35.92,34.23,0.11862
315,2017-04-04,35.81,36.22,35.79,36.19,34.49,0.07083
316,2017-04-05,36.06,36.37,35.95,36.01,34.31,0.081639
317,2017-04-06,36.07,36.13,35.86,35.92,34.22,0.008184
318,2017-04-07,35.93,36.04,35.82,35.83,34.14,0.083435
319,2017-04-10,35.9,35.97,35.72,35.79,34.1,0.087082
320,2017-04-11,35.74,35.84,35.01,35.41,33.74,0.064397
321,2017-04-12,35.4,35.54,35.25,35.45,33.78,0.089706
322,2017-04-13,35.48,35.6,35.26,35.26,33.6,0.021676
323,2017-04-17,35.37,35.47,35.22,35.46,33.79,0.127708
324,2017-04-18,35.35,35.51,35.28,35.3,33.63,0.10448
325,2017-04-19,35.47,35.5,35.11,35.17,33.51,0.098057
326,2017-04-20,35.31,35.73,35.29,35.61,33.93,0.084313
327,2017-04-21,35.61,35.67,35.46,35.57,33.89,0.124407
328,2017-04-24,35.88,35.99,35.79,35.91,34.22,0.133808
329,2017-04-25,35.98,36.22,35.97,36.13,34.43,0.137049
330,2017-04-26,36.12,36.15,35.85,35.92,34.23,0.174989
331,2017-04-27,35.98,36.04,35.83,35.95,34.25,0.08658
332,2017-04-28,36.02,36.08,35.82,35.91,34.22,0.083742
333,2017-05-01,36.28,36.8,36.24,36.65,34.92,0.201838
334,2017-05-02,36.88,37.02,36.71,36.88,35.14,0.140143
335,2017-05-03,36.4,36.87,36.07,36.76,35.03,0.067904
336,2017-05-04,36.63,36.79,36.45,36.63,34.9,0.074751
337,2017-05-05,36.69,37.24,36.69,37.24,35.48,0.079647
338,2017-05-08,37.26,38.42,37.26,38.25,36.45,0.068484
339,2017-05-09,38.47,38.72,38.36,38.5,36.68,0.073675
340,2017-05-10,38.41,38.49,38.03,38.31,36.51,0.092336
341,2017-05-11,38.11,38.52,38.08,38.49,36.82,0.103707
342,2017-05-12,38.67,39.11,38.67,39.03,37.34,0.049696
343,2017-05-15,39.0,39.16,38.76,38.92,37.24,0.10186
344,2017-05-16,38.99,39.01,38.68,38.87,37.19,0.155002
345,2017-05-17,38.4,38.64,37.43,37.56,35.94,0.068134
346,2017-05-18,37.82,38.33,37.78,38.13,36.49,0.108867
347,2017-05-19,38.35,38.49,38.16,38.26,36.61,0.078467
348,2017-05-22,38.5,38.65,38.23,38.5,36.83,0.117808
349,2017-05-23,38.72,38.72,38.33,38.45,36.79,0.082425
350,2017-05-24,38.46,38.54,38.17,38.33,36.68,0.142679
351,2017-05-25,38.43,38.59,38.26,38.47,36.8,0.129813
352,2017-05-26,38.5,38.56,38.33,38.4,36.74,0.123411
353,2017-05-30,38.36,38.61,38.33,38.42,36.76,0.076451
354,2017-05-31,38.49,38.54,38.1,38.19,36.54,0.197093
355,2017-06-01,38.29,38.33,38.06,38.29,36.64,0.038792
356,2017-06-02,38.4,38.86,38.22,38.86,37.18,-0.008182
357,2017-06-05,38.58,38.61,38.37,38.48,36.82,0.054624
358,2017-06-06,38.47,38.95,38.45,38.61,36.94,0.036093
359,2017-06-07,38.76,38.99,38.62,38.84,37.16,0.061719
360,2017-06-08,38.81,38.88,38.6,38.75,37.07,0.07249
361,2017-06-09,38.8,38.8,36.51,37.24,35.63,0.035085
362,2017-06-12,36.44,36.52,35.63,36.36,34.78,0.049488
363,2017-06-13,36.79,36.86,36.29,36.65,35.06,0.108688
364,2017-06-14,36.88,36.88,35.96,36.29,34.72,0.106188
365,2017-06-15,35.83,36.12,35.55,36.07,34.51,0.109936
366,2017-06-16,35.95,36.13,35.55,35.57,34.03,0.034958
367,2017-06-19,35.92,36.69,35.92,36.58,35.0,0.13098
368,2017-06-20,36.72,36.72,36.24,36.25,34.69,0.044504
369,2017-06-21,36.38,36.52,36.15,36.47,34.89,0.148296
370,2017-06-22,36.44,36.67,36.28,36.41,34.83,0.0563
371,2017-06-23,36.28,36.79,36.28,36.57,34.99,0.174544
372,2017-06-26,36.79,37.07,36.35,36.46,34.88,0.112138
373,2017-06-27,36.25,36.54,35.9,35.93,34.38,0.131607
374,2017-06-28,36.12,36.53,35.79,36.46,34.88,0.09863
375,2017-06-29,36.18,36.28,35.57,35.92,34.37,0.106009
376,2017-06-30,36.11,36.24,35.95,36.01,34.45,-0.049457
377,2017-07-03,36.22,36.33,35.78,35.88,34.32,0.124154
378,2017-07-05,35.92,36.2,35.68,36.02,34.47,0.124004
379,2017-07-06,35.76,35.88,35.6,35.68,34.14,0.132607
380,2017-07-07,35.72,36.19,35.72,36.04,34.49,0.134509
381,2017-07-10,36.03,36.49,35.84,36.26,34.7,0.145755
382,2017-07-11,36.18,36.46,36.1,36.38,34.81,0.107917
383,2017-07-12,36.47,36.54,36.21,36.44,34.86,0.136336
384,2017-07-13,36.38,37.12,36.36,36.94,35.35,0.123192
385,2017-07-14,36.99,37.33,36.83,37.26,35.65,0.112713
386,2017-07-17,37.21,37.72,37.14,37.39,35.77,0.093833
387,2017-07-18,37.3,37.53,37.17,37.52,35.9,0.081785
388,2017-07-19,37.62,37.86,37.49,37.76,36.12,0.152928
389,2017-07-20,37.88,37.94,37.55,37.58,35.96,0.108142
390,2017-07-21,37.5,37.61,37.22,37.57,35.94,0.170014
391,2017-07-24,37.65,38.11,37.47,38.02,36.38,0.144565
392,2017-07-25,37.95,38.46,37.95,38.19,36.53,0.145839
393,2017-07-26,38.34,38.48,38.26,38.37,36.71,0.124185
394,2017-07-27,38.44,38.5,36.83,37.64,36.01,0.075013
395,2017-07-28,37.47,37.56,37.3,37.38,35.76,0.039809
396,2017-07-31,37.47,37.58,37.03,37.18,35.57,0.001904
397,2017-08-01,37.28,37.56,37.1,37.51,35.89,0.116206
398,2017-08-02,39.82,39.94,39.04,39.29,37.59,0.092774
399,2017-08-03,39.26,39.3,38.76,38.89,37.21,0.102283
400,2017-08-04,39.02,39.35,38.92,39.1,37.41,0.128386
401,2017-08-07,39.26,39.73,39.17,39.7,37.99,0.001804
402,2017-08-08,39.65,40.46,39.57,40.02,38.29,0.130782
403,2017-08-09,39.81,40.32,39.78,40.26,38.52,0.196692
404,2017-08-10,39.97,40.0,38.66,38.83,37.3,0.13838
405,2017-08-11,39.15,39.64,39.02,39.37,37.82,0.084334
406,2017-08-14,39.83,40.05,39.69,39.96,38.38,0.134391
407,2017-08-15,40.17,40.55,40.04,40.4,38.81,0.108771
408,2017-08-16,40.49,40.63,40.04,40.24,38.65,0.065277
409,2017-08-17,40.13,40.18,39.46,39.47,37.91,0.088679
410,2017-08-18,39.47,39.88,39.18,39.38,37.82,0.114591
411,2017-08-21,39.38,39.47,38.78,39.3,37.75,0.141741
412,2017-08-22,39.56,40.0,39.51,39.95,38.37,0.137178
413,2017-08-23,39.77,40.12,39.72,39.99,38.42,0.14455
414,2017-08-24,40.11,40.19,39.64,39.82,38.25,0.168188
415,2017-08-25,39.91,40.14,39.82,39.97,38.39,0.077224
416,2017-08-28,40.04,40.5,39.98,40.37,38.77,0.133393
417,2017-08-29,40.03,40.78,40.0,40.73,39.12,0.099367
418,2017-08-30,40.95,40.97,40.65,40.84,39.23,0.097844
419,2017-08-31,40.91,41.13,40.87,41.0,39.38,0.214643
420,2017-09-01,41.2,41.24,40.91,41.01,39.39,0.060777
421,2017-09-05,40.94,41.06,40.14,40.52,38.92,0.142388
422,2017-09-06,40.68,40.75,40.13,40.48,38.88,0.090357
423,2017-09-07,40.52,40.56,40.09,40.31,38.72,0.077955
424,2017-09-08,40.22,40.29,39.63,39.66,38.09,0.096742
425,2017-09-11,40.13,40.51,39.97,40.38,38.78,0.122842
426,2017-09-12,40.65,40.99,39.69,40.22,38.63,0.073457
427,2017-09-13,39.97,39.99,39.48,39.91,38.34,0.049481
428,2017-09-14,39.75,39.85,39.52,39.57,38.01,0.03657
429,2017-09-15,39.62,40.24,39.5,39.97,38.39,0.11965
430,2017-09-18,40.03,40.13,39.5,39.67,38.1,0.145052
431,2017-09-19,39.88,39.94,39.61,39.68,38.12,0.122498
432,2017-09-20,39.47,39.56,38.46,39.02,37.48,0.076857
433,2017-09-21,38.95,38.95,38.19,38.35,36.83,0.064336
434,2017-09-22,37.88,38.07,37.64,37.97,36.47,0.028668
435,2017-09-25,37.5,37.96,37.29,37.64,36.15,0.09603
436,2017-09-26,37.95,38.48,37.92,38.29,36.77,0.124523
437,2017-09-27,38.45,38.68,38.38,38.56,37.04,0.150307
438,2017-09-28,38.47,38.57,38.17,38.32,36.81,0.108397
439,2017-09-29,38.3,38.53,38.0,38.53,37.01,0.097502
440,2017-10-02,38.56,38.61,38.18,38.45,36.93,0.126126
441,2017-10-03,38.5,38.77,38.48,38.62,37.1,0.108493
442,2017-10-04,38.41,38.47,38.12,38.37,36.86,0.11958
443,2017-10-05,38.54,38.86,38.51,38.85,37.31,0.07156
444,2017-10-06,38.74,38.87,38.64,38.83,37.29,0.083661
445,2017-10-09,38.95,39.18,38.87,38.96,37.42,0.163955
446,2017-10-10,39.01,39.5,38.78,38.97,37.44,0.086312
447,2017-10-11,38.99,39.24,38.94,39.14,37.59,0.095576
448,2017-10-12,39.09,39.34,38.93,39.0,37.46,0.130315
449,2017-10-13,39.18,39.32,39.1,39.25,37.7,0.064765
450,2017-10-16,39.47,40.0,39.41,39.97,38.39,0.109475
451,2017-10-17,39.95,40.22,39.81,40.12,38.53,0.147413
452,2017-10-18,40.11,40.18,39.9,39.94,38.36,0.144474
453,2017-10-19,39.19,39.27,38.76,38.99,37.46,0.086942
454,2017-10-20,39.15,39.44,38.99,39.06,37.52,0.104581
455,2017-10-23,39.22,39.42,38.88,39.04,37.5,0.060064
456,2017-10-24,39.07,39.36,39.05,39.28,37.72,0.099236
457,2017-10-25,39.23,39.39,38.82,39.1,37.56,0.122984
458,2017-10-26,39.31,39.46,39.2,39.35,37.8,0.042464
459,2017-10-27,39.82,40.9,39.67,40.76,39.15,0.106837
460,2017-10-30,40.97,42.02,40.93,41.68,40.03,0.115592
461,2017-10-31,41.97,42.41,41.74,42.26,40.59,0.111581
462,2017-11-01,42.47,42.49,41.4,41.72,40.08,0.161153
463,2017-11-02,41.65,42.13,41.32,42.03,40.37,0.114656
464,2017-11-03,43.5,43.56,42.78,43.13,41.42,0.080306
465,2017-11-06,43.09,43.75,42.93,43.56,41.84,0.135742
466,2017-11-07,43.48,43.81,43.4,43.7,41.98,0.093989
467,2017-11-08,43.67,44.06,43.58,44.06,42.32,0.112312
468,2017-11-09,43.78,44.03,43.29,43.97,42.23,0.129242
469,2017-11-10,43.78,43.85,43.57,43.67,42.09,0.112702
470,2017-11-13,43.38,43.63,43.35,43.49,41.93,0.172174
471,2017-11-14,43.26,43.37,42.79,42.83,41.29,0.105313
472,2017-11-15,42.49,42.58,42.1,42.27,40.75,0.129741
473,2017-11-16,42.79,42.97,42.58,42.78,41.23,0.167618
474,2017-11-17,42.76,42.85,42.41,42.54,41.01,0.141613
475,2017-11-20,42.57,42.64,42.39,42.49,40.96,0.189701
476,2017-11-21,42.7,43.42,42.7,43.29,41.73,0.137722
477,2017-11-22,43.34,43.75,43.26,43.74,42.16,0.072314
478,2017-11-24,43.78,43.88,43.66,43.74,42.17,0.154409
479,2017-11-27,43.76,43.77,43.33,43.52,41.95,0.178613
480,2017-11-28,43.58,43.72,42.97,43.27,41.71,0.120964
481,2017-11-29,43.16,43.23,41.79,42.37,40.84,0.128919
482,2017-11-30,42.61,43.04,42.11,42.96,41.41,0.109809
483,2017-12-01,42.49,42.92,42.13,42.76,41.22,0.047895
484,2017-12-04,43.12,43.15,42.41,42.45,40.92,0.124902
485,2017-12-05,42.26,42.88,42.1,42.41,40.88,0.170261
486,2017-12-06,41.88,42.55,41.62,42.25,40.73,0.124656
487,2017-12-07,42.26,42.61,42.23,42.33,40.81,0.099362
488,2017-12-08,42.62,42.75,42.21,42.34,40.82,0.127265
489,2017-12-11,42.3,43.22,42.2,43.17,41.61,0.177436
490,2017-12-12,43.04,43.1,42.87,42.92,41.38,0.175785
491,2017-12-13,43.13,43.38,43.0,43.07,41.52,0.193556
492,2017-12-14,43.1,43.28,42.91,43.06,41.5,0.161244
493,2017-12-15,43.41,43.54,43.12,43.49,41.93,0.131608
494,2017-12-18,43.72,44.3,43.72,44.11,42.52,0.136346
495,2017-12-19,43.76,43.85,43.52,43.63,42.06,0.140535
496,2017-12-20,43.72,43.86,43.31,43.59,42.02,0.085899
497,2017-12-21,43.54,44.01,43.53,43.75,42.18,0.171373
498,2017-12-22,43.67,43.86,43.63,43.75,42.18,0.124002
499,2017-12-26,42.7,42.87,42.42,42.64,41.11,0.083683
500,2017-12-27,42.53,42.7,42.43,42.65,41.11,0.112485
501,2017-12-28,42.75,42.96,42.62,42.77,41.23,0.092333
502,2017-12-29,42.63,42.65,42.31,42.31,40.78,0.10527
503,2018-01-02,42.54,43.08,42.31,43.06,41.51,0.09563
504,2018-01-03,43.13,43.64,42.99,43.06,41.51,0.112818
505,2018-01-04,43.13,43.37,43.02,43.26,41.7,0.131831
506,2018-01-05,43.36,43.84,43.26,43.75,42.17,0.105427
507,2018-01-08,43.59,43.9,43.48,43.59,42.02,0.143506
508,2018-01-09,43.64,43.76,43.35,43.58,42.01,0.12345
509,2018-01-10,43.29,43.58,43.25,43.57,42.0,0.135251
510,2018-01-11,43.65,43.87,43.62,43.82,42.24,0.128479
511,2018-01-12,44.04,44.34,43.91,44.27,42.68,0.108826
512,2018-01-16,44.47,44.85,44.04,44.05,42.46,0.13166
513,2018-01-17,44.04,44.81,43.77,44.78,43.16,0.123739
514,2018-01-18,44.84,45.03,44.56,44.81,43.2,0.088208
515,2018-01-19,44.65,44.9,44.35,44.62,43.01,0.110901
516,2018-01-22,44.33,44.45,44.15,44.25,42.66,0.221526
517,2018-01-23,44.33,44.86,44.21,44.26,42.67,0.060051
518,2018-01-24,44.31,44.33,43.3,43.56,41.99,0.101985
519,2018-01-25,43.63,43.74,42.63,42.78,41.24,0.1437
520,2018-01-26,43.0,43.0,42.51,42.88,41.33,0.194284
521,2018-01-29,42.54,42.54,41.77,41.99,40.48,0.132828
522,2018-01-30,41.38,41.84,41.17,41.74,40.24,0.088759
523,2018-01-31,41.72,42.11,41.63,41.86,40.35,0.111076
524,2018-02-01,41.79,42.15,41.69,41.95,40.43,0.225824
525,2018-02-02,41.5,41.7,40.03,40.13,38.68,0.093136
526,2018-02-05,39.78,40.97,39.0,39.12,37.71,0.171198
527,2018-02-06,38.71,40.93,38.5,40.76,39.29,0.116266
528,2018-02-07,40.77,40.85,39.77,39.88,38.45,0.111367
529,2018-02-08,40.07,40.25,38.76,38.79,37.39,0.121251
530,2018-02-09,39.27,39.47,37.56,39.1,37.85,0.150947
531,2018-02-12,39.63,40.97,39.38,40.68,39.37,0.159693
532,2018-02-13,40.49,41.19,40.41,41.08,39.77,0.117026
533,2018-02-14,40.76,41.88,40.72,41.84,40.5,0.159612
534,2018-02-15,42.45,43.27,42.25,43.25,41.86,0.151502
535,2018-02-16,43.09,43.71,42.94,43.11,41.72,0.192074
536,2018-02-20,43.01,43.56,42.86,42.96,41.58,0.125644
537,2018-02-21,43.21,43.53,42.75,42.77,41.39,0.194037
538,2018-02-22,42.95,43.49,42.93,43.13,41.74,0.131942
539,2018-02-23,43.42,43.91,43.38,43.88,42.47,0.156135
540,2018-02-26,44.09,44.85,44.05,44.74,43.31,0.120315
541,2018-02-27,44.78,45.12,44.54,44.6,43.17,0.127301
542,2018-02-28,44.81,45.15,44.51,44.53,43.1,0.178207
543,2018-03-01,44.63,44.95,43.17,43.75,42.35,0.116123
544,2018-03-02,43.2,44.08,43.11,44.05,42.64,0.170781
545,2018-03-05,43.8,44.44,43.63,44.21,42.79,0.121145
546,2018-03-06,44.48,44.56,44.03,44.17,42.75,0.095917
547,2018-03-07,43.74,43.96,43.57,43.76,42.35,0.137702
548,2018-03-08,43.87,44.28,43.77,44.24,42.82,0.142436
549,2018-03-09,44.49,45.0,44.35,44.99,43.55,0.167129
550,2018-03-12,45.07,45.6,45.05,45.43,43.97,0.053649
551,2018-03-13,45.65,45.88,44.81,44.99,43.55,0.146882
552,2018-03-14,45.08,45.13,44.45,44.61,43.18,0.139379
553,2018-03-15,44.63,45.06,44.52,44.66,43.23,0.068472
554,2018-03-16,44.66,44.78,44.4,44.51,43.08,0.168005
555,2018-03-19,44.33,44.37,43.42,43.83,42.42,0.141729
556,2018-03-20,43.81,44.2,43.74,43.81,42.4,0.09938
557,2018-03-21,43.76,43.77,42.81,42.82,41.44,0.167994
558,2018-03-22,42.5,43.17,42.15,42.21,40.86,0.217869
559,2018-03-23,42.1,42.48,41.24,41.24,39.91,0.232694
560,2018-03-26,42.02,43.28,41.61,43.19,41.81,0.156042
561,2018-03-27,43.42,43.79,41.73,42.08,40.73,0.143258
562,2018-03-28,41.81,42.51,41.3,41.62,40.28,0.087887
563,2018-03-29,41.95,42.94,41.72,41.95,40.6,0.145023
564,2018-04-02,41.66,42.24,41.12,41.67,40.33,0.208372
565,2018-04-03,41.91,42.19,41.22,42.1,40.75,0.148528
566,2018-04-04,41.22,43.0,41.19,42.9,41.53,0.074616
567,2018-04-05,43.15,43.56,43.02,43.2,41.81,0.181883
568,2018-04-06,42.74,43.12,42.05,42.1,40.74,0.114677
569,2018-04-09,42.47,43.27,42.46,42.51,41.15,0.117403
570,2018-04-10,43.25,43.5,42.88,43.31,41.92,0.163839
571,2018-04-11,43.06,43.48,42.92,43.11,41.73,0.191313
572,2018-04-12,43.35,43.75,43.26,43.54,42.14,0.145607
573,2018-04-13,43.7,43.96,43.46,43.68,42.28,0.141793
574,2018-04-16,43.76,44.05,43.71,43.96,42.54,0.217356
575,2018-04-17,44.12,44.74,44.1,44.56,43.13,0.215823
576,2018-04-18,44.45,44.71,44.22,44.46,43.03,0.176558
577,2018-04-19,43.44,43.85,43.17,43.2,41.81,0.081189
578,2018-04-20,42.65,42.81,41.36,41.43,40.1,0.052586
579,2018-04-23,41.71,41.73,41.02,41.31,39.98,0.09169
580,2018-04-24,41.42,41.58,40.31,40.74,39.43,0.103302
581,2018-04-25,40.65,41.36,40.6,40.91,39.6,0.078718
582,2018-04-26,41.03,41.43,40.84,41.06,39.74,0.070401
583,2018-04-27,41.0,41.08,40.16,40.58,39.28,0.071331
584,2018-04-30,40.53,41.81,40.46,41.31,39.99,0.116465
585,2018-05-01,41.6,42.3,41.32,42.28,40.92,0.122136
586,2018-05-02,43.81,44.44,43.45,44.14,42.73,0.105336
587,2018-05-03,43.97,44.38,43.61,44.22,42.8,0.087825
588,2018-05-04,44.56,46.06,44.54,45.96,44.48,0.097161
589,2018-05-07,46.29,46.92,46.19,46.29,44.8,0.078524
590,2018-05-08,46.25,46.56,45.92,46.51,45.02,0.040272
591,2018-05-09,46.64,46.85,46.31,46.84,45.34,0.115875
592,2018-05-10,46.94,47.59,46.91,47.51,45.99,0.129552
593,2018-05-11,47.37,47.51,46.86,47.15,45.81,0.097983
594,2018-05-14,47.25,47.38,46.97,47.04,45.7,0.113398
595,2018-05-15,46.7,46.77,46.28,46.61,45.29,0.105456
596,2018-05-16,46.52,47.12,46.5,47.04,45.71,0.102435
597,2018-05-17,47.0,47.23,46.59,46.75,45.42,0.119373
598,2018-05-18,46.8,46.95,46.53,46.58,45.26,0.141498
599,2018-05-21,47.0,47.32,46.73,46.91,45.58,0.113115
600,2018-05-22,47.1,47.22,46.7,46.79,45.46,0.141728
601,2018-05-23,46.59,47.13,46.44,47.09,45.75,0.13875
602,2018-05-24,47.19,47.21,46.55,47.04,45.7,0.095674
603,2018-05-25,47.06,47.41,46.91,47.15,45.81,0.063653
604,2018-05-29,46.9,47.19,46.72,46.97,45.64,0.10139
605,2018-05-30,46.93,47.0,46.7,46.88,45.55,0.155204
606,2018-05-31,46.81,47.06,46.54,46.72,45.39,0.185514
607,2018-06-01,47.0,47.56,46.94,47.56,46.21,0.145388
608,2018-06-04,47.91,48.36,47.84,47.96,46.6,0.116022
609,2018-06-05,48.27,48.49,48.09,48.33,46.96,0.113615
610,2018-06-06,48.41,48.52,47.98,48.49,47.12,0.129222
611,2018-06-07,48.54,48.55,48.08,48.37,46.99,0.129948
612,2018-06-08,47.79,48.0,47.44,47.92,46.57,0.133291
613,2018-06-11,47.84,47.99,47.55,47.81,46.45,0.14389
614,2018-06-12,47.85,48.15,47.79,48.07,46.71,0.110288
615,2018-06-13,48.11,48.22,47.61,47.67,46.32,0.1045
616,2018-06-14,47.89,47.89,47.56,47.7,46.35,0.153914
617,2018-06-15,47.51,47.54,47.06,47.21,45.87,0.184948
618,2018-06-18,46.97,47.31,46.8,47.19,45.85,0.158655
619,2018-06-19,46.29,46.58,45.86,46.42,45.11,0.155787
620,2018-06-20,46.59,46.8,46.43,46.63,45.3,0.12291
621,2018-06-21,46.81,47.09,46.24,46.37,45.05,0.122411
622,2018-06-22,46.53,46.54,46.17,46.23,44.92,0.164293
623,2018-06-25,45.85,46.23,45.18,45.54,44.25,0.127917
624,2018-06-26,45.75,46.63,45.63,46.11,44.8,0.127326
625,2018-06-27,46.31,46.82,46.01,46.04,44.73,0.15912
626,2018-06-28,46.03,46.55,45.95,46.38,45.06,0.118598
627,2018-06-29,46.57,46.8,45.73,46.28,44.96,0.18971
628,2018-07-02,45.96,46.83,45.86,46.79,45.47,0.168705
629,2018-07-03,46.95,46.99,45.88,45.98,44.68,0.144822
630,2018-07-05,46.31,46.6,46.07,46.35,45.04,0.118535
631,2018-07-06,46.36,47.11,46.3,46.99,45.66,0.138592
632,2018-07-09,47.38,47.67,47.33,47.65,46.29,0.173258
633,2018-07-10,47.68,47.82,47.54,47.59,46.24,0.189341
634,2018-07-11,47.13,47.45,46.9,46.97,45.64,0.131696
635,2018-07-12,47.38,47.85,47.33,47.76,46.4,0.174189
636,2018-07-13,47.77,47.96,47.72,47.83,46.48,0.197081
637,2018-07-16,47.88,48.16,47.61,47.73,46.37,0.176379
638,2018-07-17,47.44,47.97,47.3,47.86,46.5,0.143501
639,2018-07-18,47.95,47.95,47.48,47.6,46.25,0.224348
640,2018-07-19,47.42,48.14,47.42,47.97,46.61,0.135689
641,2018-07-20,47.95,48.11,47.54,47.86,46.5,0.148653
642,2018-07-23,47.67,47.99,47.39,47.9,46.54,0.183509
643,2018-07-24,48.11,48.42,48.01,48.25,46.88,0.171937
644,2018-07-25,48.26,48.71,48.11,48.71,47.32,0.092302
645,2018-07-26,48.65,48.99,48.4,48.55,47.18,0.141137
646,2018-07-27,48.75,48.8,47.53,47.74,46.39,0.120116
647,2018-07-30,47.97,48.05,47.27,47.48,46.13,0.135338
648,2018-07-31,47.58,48.04,47.33,47.57,46.22,0.107161
649,2018-08-01,49.78,50.44,49.33,50.38,48.95,0.129195
650,2018-08-02,50.15,52.1,50.09,51.85,50.38,0.122725
651,2018-08-03,51.76,52.19,51.37,52.0,50.52,0.110453
652,2018-08-06,52.0,52.31,51.77,52.27,50.79,0.099807
653,2018-08-07,52.33,52.38,51.69,51.78,50.31,0.116948
654,2018-08-08,51.51,51.95,51.13,51.81,50.34,0.136759
655,2018-08-09,52.38,52.45,51.8,52.22,50.74,0.152291
656,2018-08-10,51.84,52.28,51.67,51.88,50.59,0.128169
657,2018-08-13,52.33,52.74,51.92,52.22,50.91,0.150553
658,2018-08-14,52.54,52.64,52.06,52.44,51.13,0.12203
659,2018-08-15,52.31,52.69,52.08,52.56,51.25,0.164055
660,2018-08-16,52.94,53.45,52.87,53.33,52.0,0.122468
661,2018-08-17,53.36,54.49,53.29,54.4,53.04,0.120225
662,2018-08-20,54.53,54.79,53.78,53.87,52.52,0.105559
663,2018-08-21,54.2,54.3,53.51,53.76,52.42,0.150572
664,2018-08-22,53.53,54.09,53.46,53.76,52.42,0.151107
665,2018-08-23,53.66,54.26,53.65,53.87,52.53,0.156024
666,2018-08-24,54.15,54.22,53.78,54.04,52.69,0.122772
667,2018-08-27,54.29,54.69,54.08,54.49,53.13,0.181186
668,2018-08-28,54.75,55.13,54.73,54.92,53.55,0.157027
669,2018-08-29,55.04,55.87,54.85,55.74,54.35,0.17714
670,2018-08-30,55.81,57.06,55.6,56.26,54.85,0.124621
671,2018-08-31,56.63,57.22,56.5,56.91,55.49,0.09109
672,2018-09-04,57.1,57.29,56.66,57.09,55.67,0.146104
673,2018-09-05,57.25,57.42,56.28,56.72,55.3,0.128024
674,2018-09-06,56.56,56.84,55.33,55.78,54.38,0.150683
675,2018-09-07,55.46,56.34,55.18,55.33,53.94,0.13602
676,2018-09-10,55.24,55.46,54.12,54.58,53.22,0.110129
677,2018-09-11,54.5,56.08,54.14,55.96,54.57,0.152624
678,2018-09-12,56.24,56.25,54.96,55.27,53.89,0.073452
679,2018-09-13,55.88,57.09,55.64,56.6,55.19,0.060384
680,2018-09-14,56.44,56.71,55.63,55.96,54.56,0.085896
681,2018-09-17,55.54,55.74,54.32,54.47,53.11,0.136072
682,2018-09-18,54.45,55.46,54.28,54.56,53.2,0.10764
683,2018-09-19,54.63,54.9,53.83,54.59,53.23,0.119396
684,2018-09-20,55.06,55.57,54.79,55.01,53.63,0.121235
685,2018-09-21,55.2,55.34,54.32,54.42,53.06,0.156072
686,2018-09-24,54.21,55.31,54.16,55.2,53.82,0.143324
687,2018-09-25,54.94,55.71,54.92,55.55,54.16,0.139436
688,2018-09-26,55.25,55.94,54.94,55.11,53.73,0.170823
689,2018-09-27,55.96,56.61,55.88,56.24,54.83,0.123479
690,2018-09-28,56.2,56.46,56.01,56.44,55.03,0.163817
691,2018-10-01,56.99,57.36,56.59,56.81,55.4,0.147112
692,2018-10-02,56.81,57.5,56.66,57.32,55.89,0.122936
693,2018-10-03,57.51,58.37,57.45,58.02,56.57,0.110863
694,2018-10-04,57.7,58.09,56.68,57.0,55.58,0.093902
695,2018-10-05,56.99,57.1,55.15,56.07,54.67,0.12777
696,2018-10-08,55.55,56.2,55.05,55.94,54.55,0.133931
697,2018-10-09,55.91,56.82,55.56,56.72,55.3,0.134167
698,2018-10-10,56.37,56.59,54.01,54.09,52.74,0.114534
699,2018-10-11,53.63,54.88,53.08,53.61,52.27,0.068712
700,2018-10-12,55.11,55.72,54.21,55.53,54.14,0.127343
701,2018-10-15,55.29,55.46,54.32,54.34,52.98,0.138284
702,2018-10-16,54.73,55.75,54.19,55.54,54.15,0.115449
703,2018-10-17,55.58,55.66,54.83,55.3,53.92,0.137123
704,2018-10-18,54.47,54.94,53.25,54.01,52.66,0.120023
705,2018-10-19,54.51,55.31,54.36,54.83,53.46,0.070797
706,2018-10-22,54.95,55.84,54.74,55.16,53.79,0.132028
707,2018-10-23,53.96,55.81,53.67,55.68,54.29,0.082535
708,2018-10-24,55.65,56.06,53.63,53.77,52.43,0.105195
709,2018-10-25,54.43,55.35,54.19,54.95,53.58,0.112595
710,2018-10-26,53.97,55.05,53.17,54.08,52.73,0.108224
711,2018-10-29,54.8,54.92,51.52,53.06,51.74,0.107084
712,2018-10-30,52.79,53.79,52.32,53.33,51.99,0.040793
713,2018-10-31,54.22,55.11,54.15,54.72,53.35,0.041776
714,2018-11-01,54.76,55.59,54.2,55.56,54.17,0.106137
715,2018-11-02,52.39,53.41,51.36,51.87,50.58,0.07535
716,2018-11-05,51.08,51.1,49.54,50.4,49.14,0.076498
717,2018-11-06,50.48,51.18,50.42,50.94,49.67,0.072416
718,2018-11-07,51.49,52.51,51.03,52.49,51.18,0.123289
719,2018-11-08,52.49,52.53,51.69,52.12,51.0,0.091641
720,2018-11-09,51.39,51.5,50.56,51.12,50.02,0.09728
721,2018-11-12,49.75,49.96,48.45,48.54,47.5,0.08013
722,2018-11-13,47.91,49.29,47.86,48.06,47.02,0.01586
723,2018-11-14,48.47,48.62,46.48,46.7,45.69,0.064937
724,2018-11-15,47.1,47.99,46.72,47.85,46.82,0.107373
725,2018-11-16,47.63,48.74,47.37,48.38,47.34,0.12381
726,2018-11-19,47.5,47.67,46.25,46.47,45.46,0.035111
727,2018-11-20,44.59,45.37,43.88,44.24,43.29,0.082001
728,2018-11-21,44.93,45.07,44.14,44.2,43.24,0.085743
729,2018-11-23,43.74,44.15,43.03,43.07,42.14,0.126409
730,2018-11-26,43.56,43.74,42.56,43.65,42.71,0.112158
731,2018-11-27,42.88,43.69,42.72,43.56,42.62,0.083652
732,2018-11-28,44.18,45.32,43.73,45.24,44.26,0.11238
733,2018-11-29,45.67,45.7,44.42,44.89,43.92,0.143719
734,2018-11-30,45.07,45.08,44.26,44.65,43.68,0.082438
735,2018-12-03,46.12,46.24,45.3,46.21,45.21,0.116807
736,2018-12-04,45.24,45.6,44.07,44.17,43.22,0.100019
737,2018-12-06,42.94,43.7,42.61,43.68,42.74,0.109761
738,2018-12-07,43.37,43.62,42.08,42.12,41.21,0.087462
739,2018-12-10,41.25,42.52,40.83,42.4,41.49,0.088864
740,2018-12-11,42.92,42.95,41.75,42.16,41.25,0.083077
741,2018-12-12,42.6,42.98,42.26,42.28,41.36,0.094031
742,2018-12-13,42.62,43.14,42.39,42.74,41.82,0.10123
743,2018-12-14,42.25,42.27,41.32,41.37,40.48,0.101623
744,2018-12-17,41.36,42.09,40.68,40.99,40.1,0.158404
745,2018-12-18,41.35,41.88,41.1,41.52,40.62,0.134407
746,2018-12-19,41.5,41.86,39.77,40.22,39.36,0.099625
747,2018-12-20,40.1,40.53,38.83,39.21,38.36,0.09838
748,2018-12-21,39.22,39.54,37.41,37.68,36.87,0.070387
749,2018-12-24,37.04,37.89,36.65,36.71,35.92,0.100391
750,2018-12-26,37.08,39.31,36.68,39.29,38.45,0.081546
751,2018-12-27,38.96,39.19,37.52,39.04,38.2,0.124979
752,2018-12-28,39.38,39.63,38.64,39.06,38.22,0.10382
753,2018-12-31,39.63,39.84,39.12,39.44,38.59,0.012591
754,2019-01-02,38.72,39.71,38.56,39.48,38.63,0.099366
755,2019-01-03,35.99,36.43,35.5,35.55,34.78,0.035514
756,2019-01-04,36.13,37.14,35.95,37.06,36.27,0.049114
757,2019-01-07,37.17,37.21,36.47,36.98,36.19,0.106587
758,2019-01-08,37.39,37.96,37.13,37.69,36.88,0.099508
759,2019-01-09,37.82,38.63,37.41,38.33,37.5,0.091403
760,2019-01-10,38.13,38.49,37.72,38.45,37.62,0.113594
761,2019-01-11,38.22,38.42,37.88,38.07,37.25,0.116869
762,2019-01-14,37.71,37.82,37.31,37.5,36.69,0.139447
763,2019-01-15,37.57,38.35,37.51,38.27,37.44,0.120885
764,2019-01-16,38.27,38.97,38.25,38.74,37.9,0.100377
765,2019-01-17,38.55,39.42,38.31,38.97,38.13,0.073052
766,2019-01-18,39.38,39.47,38.99,39.21,38.36,0.095246
767,2019-01-22,39.1,39.18,38.15,38.33,37.5,0.097192
768,2019-01-23,38.54,38.79,37.92,38.48,37.65,0.09195
769,2019-01-24,38.53,38.62,37.94,38.17,37.35,0.099374
770,2019-01-25,38.87,39.53,38.58,39.44,38.59,0.092541
771,2019-01-28,38.95,39.08,38.42,39.08,38.23,0.099376
772,2019-01-29,39.06,39.53,38.53,38.67,37.84,0.073054
773,2019-01-30,40.81,41.54,40.06,41.31,40.42,0.070685
774,2019-01-31,41.53,42.25,41.14,41.61,40.71,0.11531
775,2019-02-01,41.74,42.24,41.48,41.63,40.73,0.086723
776,2019-02-04,41.85,42.92,41.82,42.81,41.89,0.122226
777,2019-02-05,43.22,43.77,43.09,43.54,42.61,0.127018
778,2019-02-06,43.66,43.89,43.21,43.56,42.62,0.107058
779,2019-02-07,43.1,43.49,42.58,42.74,41.81,0.122057
780,2019-02-08,42.25,42.67,42.11,42.6,41.86,0.105668
781,2019-02-11,42.76,42.8,42.31,42.36,41.62,0.089615
782,2019-02-12,42.53,42.75,42.42,42.72,41.98,0.117594
783,2019-02-13,42.85,43.12,42.48,42.54,41.81,0.099022
784,2019-02-14,42.43,42.81,42.35,42.7,41.96,0.107842
785,2019-02-15,42.81,42.92,42.44,42.61,41.87,0.121294
786,2019-02-19,42.43,42.86,42.37,42.73,41.99,0.102772
787,2019-02-20,42.8,43.33,42.75,43.01,42.26,0.099391
788,2019-02-21,42.95,43.09,42.58,42.76,42.02,0.074084
789,2019-02-22,42.9,43.25,42.85,43.24,42.49,0.138653
790,2019-02-25,43.54,43.97,43.49,43.56,42.8,0.151569
791,2019-02-26,43.43,43.83,43.29,43.58,42.83,0.141619
792,2019-02-27,43.3,43.75,43.18,43.72,42.96,0.138394
793,2019-02-28,43.58,43.73,43.23,43.29,42.54,0.163797
794,2019-03-01,43.57,43.79,43.22,43.74,42.98,0.131989
795,2019-03-04,43.92,44.44,43.49,43.96,43.2,0.128349
796,2019-03-05,43.99,44.0,43.63,43.88,43.12,0.136778
797,2019-03-06,43.67,43.87,43.49,43.63,42.87,0.185627
798,2019-03-07,43.47,43.61,43.01,43.13,42.38,0.130487
799,2019-03-08,42.58,43.27,42.38,43.23,42.48,0.107714
800,2019-03-11,43.87,44.78,43.84,44.72,43.95,0.104096
801,2019-03-12,45.0,45.67,44.84,45.23,44.44,0.136154
802,2019-03-13,45.56,45.83,45.23,45.43,44.64,0.096559
803,2019-03-14,45.97,46.03,45.64,45.93,45.14,0.122584
804,2019-03-15,46.21,46.83,45.94,46.53,45.72,0.104534
805,2019-03-18,46.45,47.1,46.45,47.01,46.19,0.081812
806,2019-03-19,47.09,47.25,46.48,46.63,45.82,0.1598
807,2019-03-20,46.56,47.37,46.18,47.04,46.22,0.134992
808,2019-03-21,47.51,49.08,47.45,48.77,47.93,0.123939
809,2019-03-22,48.83,49.42,47.7,47.76,46.93,0.119556
810,2019-03-25,47.88,47.99,46.65,47.19,46.37,0.080769
811,2019-03-26,47.92,48.22,46.15,46.7,45.89,0.076817
812,2019-03-27,47.19,47.44,46.64,47.12,46.3,0.113438
813,2019-03-28,47.24,47.39,46.88,47.18,46.36,0.122488
814,2019-03-29,47.46,47.52,47.13,47.49,46.66,0.130707
815,2019-04-01,47.91,47.92,47.1,47.81,46.98,0.079723
816,2019-04-02,47.77,48.62,47.76,48.51,47.66,0.105813
817,2019-04-03,48.31,49.13,48.29,48.84,47.99,0.135405
818,2019-04-04,48.7,49.09,48.29,48.92,48.07,0.137008
819,2019-04-05,49.11,49.28,48.98,49.25,48.4,0.140556
820,2019-04-08,49.11,50.06,49.08,50.03,49.16,0.084079
821,2019-04-09,50.08,50.71,49.81,49.88,49.01,0.135229
822,2019-04-10,49.67,50.19,49.54,50.15,49.28,0.110834
823,2019-04-11,50.21,50.25,49.61,49.74,48.87,0.136556
824,2019-04-12,49.8,50.04,49.05,49.72,48.85,0.126401
825,2019-04-15,49.65,49.96,49.5,49.81,48.94,0.13941
826,2019-04-16,49.87,50.34,49.64,49.81,48.95,0.119478
827,2019-04-17,49.88,50.85,49.65,50.78,49.9,0.101224
828,2019-04-18,50.78,51.04,50.63,50.97,50.08,0.111894
829,2019-04-22,50.71,51.24,50.58,51.13,50.25,0.193316
830,2019-04-23,51.11,51.94,50.97,51.87,50.97,0.190288
831,2019-04-24,51.84,52.12,51.76,51.79,50.89,0.135723
832,2019-04-25,51.71,51.94,51.28,51.32,50.43,0.139272
833,2019-04-26,51.22,51.25,50.53,51.08,50.19,0.177469
834,2019-04-29,51.1,51.49,50.97,51.15,50.26,0.124182
835,2019-04-30,50.76,50.85,49.78,50.17,49.3,0.059659
836,2019-05-01,52.47,53.83,52.31,52.63,51.72,0.095956
837,2019-05-02,52.46,53.16,52.03,52.29,51.38,0.105828
838,2019-05-03,52.72,52.96,52.56,52.94,52.02,0.113605
839,2019-05-06,51.07,52.21,50.88,52.12,51.22,0.105876
840,2019-05-07,51.47,51.86,50.21,50.72,49.83,0.17033
841,2019-05-08,50.47,51.33,50.44,50.72,49.84,0.166742
842,2019-05-09,50.1,50.42,49.17,50.18,49.31,0.171997
843,2019-05-10,49.36,49.71,48.19,49.29,48.63,0.147055
844,2019-05-13,46.93,47.37,45.71,46.43,45.8,0.121959
845,2019-05-14,46.6,47.42,46.35,47.17,46.52,0.128342
846,2019-05-15,46.57,47.94,46.51,47.73,47.08,0.141266
847,2019-05-16,47.48,48.12,47.21,47.52,46.88,0.117499
848,2019-05-17,46.73,47.72,46.69,47.25,46.61,0.0812
849,2019-05-20,45.88,46.09,45.07,45.77,45.15,0.104389
850,2019-05-21,46.31,47.0,46.17,46.65,46.02,0.159145
851,2019-05-22,46.17,46.43,45.64,45.7,45.07,0.118362
852,2019-05-23,44.95,45.13,44.45,44.92,44.31,0.09726
853,2019-05-24,45.05,45.54,44.65,44.74,44.14,0.11149
854,2019-05-28,44.73,45.15,44.48,44.56,43.95,0.163943
855,2019-05-29,44.11,44.84,44.0,44.35,43.74,0.157167
856,2019-05-30,44.49,44.81,44.17,44.58,43.97,0.121125
857,2019-05-31,44.06,44.5,43.75,43.77,43.17,0.05356
858,2019-06-03,43.9,44.48,42.57,43.33,42.74,0.050751
859,2019-06-04,43.86,44.96,43.63,44.91,44.3,0.07244
860,2019-06-05,46.07,46.25,45.29,45.63,45.02,0.125543
861,2019-06-06,45.77,46.37,45.54,46.31,45.68,0.091172
862,2019-06-07,46.63,47.98,46.44,47.54,46.89,0.12143
863,2019-06-10,47.95,48.84,47.9,48.15,47.49,0.103027
864,2019-06-11,48.72,49.0,48.4,48.7,48.04,0.179086
865,2019-06-12,48.49,48.99,48.35,48.55,47.89,0.150677
866,2019-06-13,48.67,49.2,48.4,48.54,47.88,0.131001
867,2019-06-14,47.89,48.4,47.58,48.19,47.53,0.135315
868,2019-06-17,48.22,48.74,48.04,48.47,47.81,0.104843
869,2019-06-18,49.01,50.07,48.8,49.61,48.94,0.099584
870,2019-06-19,49.92,49.97,49.33,49.47,48.8,0.17978
871,2019-06-20,50.09,50.15,49.51,49.87,49.19,0.131375
872,2019-06-21,49.7,50.21,49.54,49.7,49.02,0.123066
873,2019-06-24,49.63,50.04,49.54,49.65,48.97,0.141634
874,2019-06-25,49.61,49.81,48.82,48.89,48.23,0.121428
875,2019-06-26,49.44,50.25,49.34,49.95,49.27,0.102513
876,2019-06-27,50.07,50.39,49.89,49.94,49.26,0.143246
877,2019-06-28,49.67,49.88,49.26,49.48,48.81,0.098834
878,2019-07-01,50.79,51.12,50.16,50.39,49.7,0.127408
879,2019-07-02,50.35,50.78,50.34,50.68,49.99,0.06039
880,2019-07-03,50.82,51.11,50.67,51.1,50.41,0.115877
881,2019-07-05,50.84,51.27,50.72,51.06,50.36,0.097604
882,2019-07-08,50.2,50.35,49.6,50.01,49.33,0.057997
883,2019-07-09,49.8,50.38,49.7,50.31,49.63,0.091058
884,2019-07-10,50.46,50.93,50.39,50.81,50.12,0.075777
885,2019-07-11,50.83,51.1,50.43,50.44,49.75,0.101801
886,2019-07-12,50.61,51.0,50.55,50.83,50.14,0.112741
887,2019-07-15,51.02,51.47,51.0,51.3,50.61,0.161794
888,2019-07-16,51.15,51.53,50.88,51.13,50.43,0.142708
889,2019-07-17,51.01,51.27,50.82,50.84,50.15,0.128261
890,2019-07-18,51.0,51.47,50.92,51.42,50.72,0.132279
891,2019-07-19,51.45,51.63,50.59,50.65,49.96,0.081003
892,2019-07-22,50.91,51.81,50.9,51.81,51.1,0.100337
893,2019-07-23,52.12,52.23,51.82,52.21,51.5,0.116282
894,2019-07-24,51.92,52.29,51.79,52.17,51.46,0.088004
895,2019-07-25,52.22,52.31,51.68,51.76,51.05,0.135068
896,2019-07-26,51.87,52.43,51.79,51.94,51.23,0.102529
897,2019-07-29,52.12,52.66,52.11,52.42,51.71,0.129366
898,2019-07-30,52.19,52.54,51.83,52.2,51.49,0.128828
899,2019-07-31,54.11,55.34,52.83,53.26,52.54,0.107928
900,2019-08-01,53.47,54.51,51.69,52.11,51.4,0.062346
901,2019-08-02,51.38,51.61,50.41,51.01,50.31,0.091402
902,2019-08-05,49.5,49.66,48.15,48.33,47.68,0.065417
903,2019-08-06,49.08,49.52,48.51,49.25,48.58,0.079042
904,2019-08-07,48.85,49.89,48.46,49.76,49.08,0.05673
905,2019-08-08,50.05,50.88,49.85,50.86,50.17,0.118805
906,2019-08-09,50.33,50.69,49.82,50.25,49.75,0.123168
907,2019-08-12,49.9,50.51,49.79,50.12,49.63,0.098209
908,2019-08-13,50.26,53.04,50.12,52.24,51.73,0.124264
909,2019-08-14,50.79,51.61,50.65,50.69,50.19,0.117263
910,2019-08-15,50.87,51.29,49.92,50.44,49.94,0.080389
911,2019-08-16,51.07,51.79,50.96,51.63,51.12,0.067748
912,2019-08-19,52.65,53.18,52.51,52.59,52.07,0.105745
913,2019-08-20,52.72,53.34,52.58,52.59,52.07,0.077938
914,2019-08-21,53.25,53.41,52.9,53.16,52.64,0.086011
915,2019-08-22,53.3,53.61,52.69,53.12,52.59,0.058497
916,2019-08-23,52.36,53.01,50.25,50.66,50.16,0.09733
917,2019-08-26,51.47,51.8,51.26,51.62,51.12,0.07234
918,2019-08-27,51.97,52.14,50.88,51.04,50.54,0.117541
919,2019-08-28,51.03,51.43,50.83,51.38,50.88,0.061477
920,2019-08-29,52.13,52.33,51.67,52.25,51.74,0.05646
921,2019-08-30,52.54,52.61,51.8,52.19,51.67,0.106096
922,2019-09-03,51.61,51.74,51.06,51.42,50.92,
923,2019-09-04,52.1,52.37,51.83,52.3,51.78,
924,2019-09-05,53.0,53.49,52.88,53.32,52.8,
925,2019-09-06,53.51,53.61,53.13,53.31,52.79,
926,2019-09-09,53.71,54.11,52.77,53.54,53.02,
927,2019-09-10,53.47,54.2,52.93,54.17,53.64,
928,2019-09-11,54.52,55.93,54.43,55.9,55.35,
929,2019-09-12,56.2,56.61,55.72,55.77,55.22,
930,2019-09-13,55.0,55.2,54.26,54.69,54.15,
931,2019-09-16,54.43,55.03,54.39,54.97,54.43,
932,2019-09-17,54.99,55.21,54.78,55.17,54.63,
933,2019-09-18,55.26,55.71,54.86,55.69,55.15,
934,2019-09-19,55.5,55.94,55.09,55.24,54.7,
935,2019-09-20,55.35,55.64,54.37,54.43,53.9,
936,2019-09-23,54.74,54.96,54.41,54.68,54.14,
937,2019-09-24,55.26,55.62,54.3,54.42,53.89,
938,2019-09-25,54.64,55.38,54.29,55.26,54.71,
939,2019-09-26,55.0,55.24,54.71,54.97,54.43,
940,2019-09-27,55.13,55.24,54.32,54.71,54.17,
941,2019-09-30,55.22,56.15,55.2,55.99,55.44,
942,2019-10-01,56.27,57.06,56.05,56.15,55.6,
943,2019-10-02,55.76,55.9,54.48,54.74,54.2,
944,2019-10-03,54.61,55.24,53.78,55.21,54.66,
945,2019-10-04,56.41,56.87,55.97,56.75,56.19,
946,2019-10-07,56.57,57.48,56.46,56.76,56.21,
947,2019-10-08,56.46,57.01,56.08,56.1,55.55,
948,2019-10-09,56.76,56.95,56.41,56.76,56.2,
949,2019-10-10,56.98,57.61,56.83,57.52,56.96,
950,2019-10-11,58.24,59.41,58.08,59.05,58.47,
951,2019-10-14,58.72,59.53,58.67,58.97,58.39,
952,2019-10-15,59.1,59.41,58.72,58.83,58.25,
953,2019-10-16,58.34,58.81,58.3,58.59,58.02,
954,2019-10-17,58.77,59.04,58.38,58.82,58.24,
955,2019-10-18,58.65,59.4,58.57,59.1,58.52,
956,2019-10-21,59.38,60.25,59.33,60.13,59.54,
957,2019-10-22,60.29,60.55,59.9,59.99,59.4,
958,2019-10-23,60.53,60.81,60.31,60.79,60.2,
959,2019-10-24,61.13,61.2,60.45,60.9,60.3,
960,2019-10-25,60.79,61.68,60.72,61.65,61.04,
961,2019-10-28,61.86,62.31,61.68,62.26,61.65,
962,2019-10-29,62.24,62.44,60.64,60.82,60.22,
963,2019-10-30,61.19,61.33,60.3,60.81,60.22,
964,2019-10-31,61.81,62.29,59.31,62.19,61.58,
965,2019-11-01,62.38,63.98,62.29,63.96,63.33,
966,2019-11-04,64.33,64.46,63.85,64.38,63.74,
967,2019-11-05,64.26,64.55,64.08,64.28,63.65,
968,2019-11-06,64.19,64.37,63.84,64.31,63.68,
969,2019-11-07,64.68,65.09,64.53,64.86,64.41,
970,2019-11-08,64.67,65.11,64.21,65.04,64.59,
971,2019-11-11,64.57,65.62,64.57,65.55,65.1,
972,2019-11-12,65.39,65.7,65.23,65.49,65.04,
973,2019-11-13,65.28,66.2,65.27,66.12,65.66,
974,2019-11-14,65.94,66.22,65.53,65.66,65.21,
975,2019-11-15,65.92,66.45,65.75,66.44,65.98,
976,2019-11-18,66.45,66.86,66.06,66.78,66.32,
977,2019-11-19,66.97,67.0,66.35,66.57,66.12,
978,2019-11-20,66.39,66.52,65.1,65.8,65.35,
979,2019-11-21,65.92,66.0,65.29,65.5,65.05,
980,2019-11-22,65.65,65.79,65.21,65.45,65.0,
981,2019-11-25,65.68,66.61,65.63,66.59,66.14,
982,2019-11-26,66.74,66.79,65.63,66.07,65.62,
983,2019-11-27,66.39,67.0,66.33,66.96,66.5,
984,2019-11-29,66.65,67.0,66.47,66.81,66.35,
985,2019-12-02,66.82,67.06,65.86,66.04,65.59,
986,2019-12-03,64.58,64.88,64.07,64.86,64.42,
987,2019-12-04,65.27,65.83,65.17,65.43,64.99,
988,2019-12-05,65.95,66.47,65.68,66.39,65.94,
989,2019-12-06,66.87,67.75,66.82,67.68,67.21,
990,2019-12-09,67.5,67.7,66.23,66.73,66.27,
991,2019-12-10,67.15,67.52,66.46,67.12,66.66,
992,2019-12-11,67.2,67.78,67.13,67.69,67.23,
993,2019-12-12,66.95,68.14,66.83,67.86,67.4,
994,2019-12-13,67.86,68.82,67.73,68.79,68.32,
995,2019-12-16,69.25,70.2,69.25,69.96,69.49,
996,2019-12-17,69.89,70.44,69.7,70.1,69.62,
997,2019-12-18,69.95,70.47,69.78,69.93,69.46,
998,2019-12-19,69.88,70.29,69.74,70.0,69.53,
999,2019-12-20,70.56,70.66,69.64,69.86,69.38,
1000,2019-12-23,70.13,71.06,70.09,71.0,70.51,
1001,2019-12-24,71.17,71.22,70.73,71.07,70.58,
1002,2019-12-26,71.21,72.5,71.18,72.48,71.98,
1003,2019-12-27,72.78,73.49,72.03,72.45,71.95,
1004,2019-12-30,72.36,73.17,71.31,72.88,72.38,
1005,2019-12-31,72.48,73.42,72.38,73.41,72.91,
1006,2020-01-02,74.06,75.15,73.8,75.09,74.57,
1007,2020-01-03,74.29,75.14,74.13,74.36,73.85,
1008,2020-01-06,73.45,74.99,73.19,74.95,74.44,
1009,2020-01-07,74.96,75.22,74.37,74.6,74.09,
1010,2020-01-08,74.29,76.11,74.29,75.8,75.28,
1011,2020-01-09,76.81,77.61,76.55,77.41,76.88,
1012,2020-01-10,77.65,78.17,77.06,77.58,77.05,
1013,2020-01-13,77.91,79.27,77.79,79.24,78.7,
1014,2020-01-14,79.18,79.39,78.04,78.17,77.63,
1015,2020-01-15,77.96,78.88,77.39,77.83,77.3,
1016,2020-01-16,78.4,78.93,78.02,78.81,78.27,
1017,2020-01-17,79.07,79.68,78.75,79.68,79.14,
1018,2020-01-21,79.3,79.75,79.0,79.14,78.6,
1019,2020-01-22,79.64,80.0,79.33,79.43,78.88,
1020,2020-01-23,79.48,79.89,78.91,79.81,79.26,
1021,2020-01-24,80.06,80.83,79.38,79.58,79.03,
1022,2020-01-27,77.51,77.94,76.22,77.24,76.71,
1023,2020-01-28,78.15,79.6,78.05,79.42,78.88,
1024,2020-01-29,81.11,81.96,80.35,81.08,80.53,
1025,2020-01-30,80.14,81.02,79.69,80.97,80.41,
1026,2020-01-31,80.23,80.67,77.07,77.38,76.85,
1027,2020-02-03,76.07,78.37,75.56,77.17,76.64,
1028,2020-02-04,78.83,79.91,78.41,79.71,79.17,
1029,2020-02-05,80.88,81.19,79.74,80.36,79.81,
1030,2020-02-06,80.64,81.31,80.07,81.3,80.75,
1031,2020-02-07,80.59,80.85,79.5,80.01,79.65,
1032,2020-02-10,78.54,80.39,78.46,80.39,80.03,
1033,2020-02-11,80.9,80.97,79.68,79.9,79.54,
1034,2020-02-12,80.37,81.81,80.37,81.8,81.43,
1035,2020-02-13,81.05,81.56,80.84,81.22,80.85,
1036,2020-02-14,81.18,81.5,80.71,81.24,80.87,
1037,2020-02-18,78.84,79.94,78.65,79.75,79.39,
1038,2020-02-19,80.0,81.14,80.0,80.9,80.54,
1039,2020-02-20,80.66,81.16,79.55,80.07,79.72,
1040,2020-02-21,79.65,80.11,77.63,78.26,77.91,
1041,2020-02-24,74.32,76.04,72.31,74.54,74.21,
1042,2020-02-25,75.24,75.63,71.53,72.02,71.7,
1043,2020-02-26,71.63,74.47,71.63,73.16,72.83,
1044,2020-02-27,70.28,71.5,68.24,68.38,68.07,
1045,2020-02-28,64.32,69.6,64.09,68.34,68.03,
1046,2020-03-02,70.57,75.36,69.43,74.7,74.37,
1047,2020-03-03,75.92,76.0,71.45,72.33,72.0,
1048,2020-03-04,74.11,75.85,73.28,75.68,75.34,
1049,2020-03-05,73.88,74.89,72.85,73.23,72.9,
1050,2020-03-06,70.5,72.71,70.31,72.26,71.93,
1051,2020-03-09,65.94,69.52,65.75,66.54,66.24,
1052,2020-03-10,69.29,71.61,67.34,71.33,71.01,
1053,2020-03-11,69.35,70.31,67.96,68.86,68.55,
1054,2020-03-12,63.99,67.5,62.0,62.06,61.78,
1055,2020-03-13,66.22,69.98,63.24,69.49,69.18,
1056,2020-03-16,60.49,64.77,60.0,60.55,60.28,
1057,2020-03-17,61.88,64.4,59.6,63.22,62.93,
1058,2020-03-18,59.94,62.5,59.28,61.67,61.39,
1059,2020-03-19,61.85,63.21,60.65,61.2,60.92,
1060,2020-03-20,61.79,62.96,57.0,57.31,57.05,
1061,2020-03-23,57.02,57.13,53.15,56.09,55.84,
1062,2020-03-24,59.09,61.92,58.58,61.72,61.44,
1063,2020-03-25,62.69,64.56,61.08,61.38,61.1,
1064,2020-03-26,61.63,64.67,61.59,64.61,64.32,
1065,2020-03-27,63.19,63.97,61.76,61.94,61.66,
1066,2020-03-30,62.69,63.88,62.35,63.7,63.42,
1067,2020-03-31,63.9,65.62,63.0,63.57,63.29,
1068,2020-04-01,61.63,62.18,59.78,60.23,59.96,
1069,2020-04-02,60.08,61.29,59.22,61.23,60.96,
1070,2020-04-03,60.7,61.42,59.74,60.35,60.08,
1071,2020-04-06,62.72,65.78,62.35,65.62,65.32,
1072,2020-04-07,67.7,67.93,64.75,64.86,64.57,
1073,2020-04-08,65.68,66.84,65.31,66.52,66.22,
1074,2020-04-09,67.18,67.52,66.18,67.0,66.7,
1075,2020-04-13,67.08,68.43,66.46,68.31,68.01,
1076,2020-04-14,70.0,72.06,69.51,71.76,71.44,
1077,2020-04-15,70.6,71.58,70.16,71.11,70.79,
1078,2020-04-16,71.85,72.05,70.59,71.67,71.35,
1079,2020-04-17,71.17,71.74,69.21,70.7,70.38,
1080,2020-04-20,69.49,70.42,69.21,69.23,68.92,
1081,2020-04-21,69.07,69.31,66.36,67.09,66.79,
1082,2020-04-22,68.4,69.47,68.05,69.03,68.71,
1083,2020-04-23,68.97,70.44,68.72,68.76,68.45,
1084,2020-04-24,69.3,70.75,69.25,70.74,70.42,
1085,2020-04-27,70.45,71.14,69.99,70.79,70.47,
1086,2020-04-28,71.27,71.46,69.55,69.64,69.33,
1087,2020-04-29,71.18,72.42,70.97,71.93,71.61,
1088,2020-04-30,72.49,73.63,72.09,73.45,73.12,
1089,2020-05-01,71.56,74.75,71.46,72.27,71.94,
1090,2020-05-04,72.29,73.42,71.58,73.29,72.96,
1091,2020-05-05,73.76,75.25,73.61,74.39,74.06,
1092,2020-05-06,75.11,75.81,74.72,75.16,74.82,
1093,2020-05-07,75.81,76.29,75.49,75.93,75.59,
1094,2020-05-08,76.41,77.59,76.07,77.53,77.39,
1095,2020-05-11,77.03,79.26,76.81,78.75,78.61,
1096,2020-05-12,79.46,79.92,77.73,77.85,77.71,
1097,2020-05-13,78.04,78.99,75.8,76.91,76.77,
1098,2020-05-14,76.13,77.45,75.38,77.39,77.25,
1099,2020-05-15,75.09,76.97,75.05,76.93,76.79,
1100,2020-05-18,78.29,79.13,77.58,78.74,78.6,
1101,2020-05-19,78.76,79.63,78.25,78.29,78.14,
1102,2020-05-20,79.17,79.88,79.13,79.81,79.66,
1103,2020-05-21,79.67,80.22,78.97,79.21,79.07,
1104,2020-05-22,78.94,79.81,78.84,79.72,79.58,
1105,2020-05-26,80.88,81.06,79.13,79.18,79.04,
1106,2020-05-27,79.04,79.68,78.27,79.53,79.38,
1107,2020-05-28,79.19,80.86,78.91,79.56,79.42,
1108,2020-05-29,79.81,80.29,79.12,79.49,79.34,
1109,2020-06-01,79.44,80.59,79.3,80.46,80.32,
1110,2020-06-02,80.19,80.86,79.73,80.83,80.69,
1111,2020-06-03,81.17,81.55,80.57,81.28,81.13,
1112,2020-06-04,81.1,81.4,80.2,80.58,80.43,
1113,2020-06-05,80.84,82.94,80.81,82.88,82.73,
1114,2020-06-08,82.56,83.4,81.83,83.36,83.21,
1115,2020-06-09,83.04,86.4,83.0,86.0,85.84,
1116,2020-06-10,86.97,88.69,86.52,88.21,88.05,
1117,2020-06-11,87.33,87.76,83.87,83.97,83.82,
1118,2020-06-12,86.18,86.95,83.56,84.7,84.55,
1119,2020-06-15,83.31,86.42,83.14,85.75,85.59,
1120,2020-06-16,87.86,88.3,86.18,88.02,87.86,
1121,2020-06-17,88.79,88.85,87.77,87.9,87.74,
1122,2020-06-18,87.85,88.36,87.31,87.93,87.77,
1123,2020-06-19,88.66,89.14,86.29,87.43,87.27,
1124,2020-06-22,87.83,89.86,87.79,89.72,89.56,
1125,2020-06-23,91.0,93.1,90.57,91.63,91.47,
1126,2020-06-24,91.25,92.2,89.63,90.01,89.85,
1127,2020-06-25,90.18,91.25,89.39,91.21,91.05,
1128,2020-06-26,91.1,91.33,88.25,88.41,88.25,
1129,2020-06-29,88.31,90.54,87.82,90.45,90.28,
1130,2020-06-30,90.02,91.5,90.0,91.2,91.04,
1131,2020-07-01,91.28,91.84,90.98,91.03,90.86,
1132,2020-07-02,91.96,92.62,90.91,91.03,90.86,
1133,2020-07-06,92.5,93.95,92.47,93.46,93.29,
1134,2020-07-07,93.85,94.65,93.06,93.17,93.0,
1135,2020-07-08,94.18,95.38,94.09,95.34,95.17,
1136,2020-07-09,96.26,96.32,94.67,95.75,95.58,
1137,2020-07-10,95.33,95.98,94.71,95.92,95.75,
1138,2020-07-13,97.26,99.96,95.26,95.48,95.31,
1139,2020-07-14,94.84,97.25,93.88,97.06,96.88,
1140,2020-07-15,98.99,99.25,96.49,97.72,97.55,
1141,2020-07-16,96.56,97.4,95.9,96.52,96.35,
1142,2020-07-17,96.99,97.15,95.84,96.33,96.15,
1143,2020-07-20,96.42,98.5,96.06,98.36,98.18,
1144,2020-07-21,99.17,99.25,96.74,97.0,96.83,
1145,2020-07-22,96.69,97.97,96.6,97.27,97.1,
1146,2020-07-23,97.0,97.08,92.01,92.85,92.68,
1147,2020-07-24,90.99,92.97,89.14,92.61,92.45,
1148,2020-07-27,93.71,94.9,93.48,94.81,94.64,
1149,2020-07-28,94.37,94.55,93.25,93.25,93.08,
1150,2020-07-29,93.75,95.23,93.71,95.04,94.87,
1151,2020-07-30,94.19,96.3,93.77,96.19,96.02,
1152,2020-07-31,102.89,106.42,100.82,106.26,106.07,
1153,2020-08-03,108.2,111.64,107.89,108.94,108.74,
1154,2020-08-04,109.13,110.79,108.39,109.67,109.47,
1155,2020-08-05,109.38,110.39,108.9,110.06,109.86,
1156,2020-08-06,110.4,114.41,109.8,113.9,113.7,
1157,2020-08-07,113.21,113.68,110.29,111.11,111.11,
1158,2020-08-10,112.6,113.78,110.0,112.73,112.73,
1159,2020-08-11,111.97,112.48,109.11,109.38,109.38,
1160,2020-08-12,110.5,113.28,110.3,113.01,113.01,
1161,2020-08-13,114.43,116.04,113.93,115.01,115.01,
1162,2020-08-14,114.83,115.0,113.04,114.91,114.91,
1163,2020-08-17,116.06,116.09,113.96,114.61,114.61,
1164,2020-08-18,114.35,116.0,114.01,115.56,115.56,
1165,2020-08-19,115.98,117.16,115.61,115.71,115.71,
1166,2020-08-20,115.75,118.39,115.73,118.28,118.28,
1167,2020-08-21,119.26,124.87,119.25,124.37,124.37,
1168,2020-08-24,128.7,128.79,123.94,125.86,125.86,
1169,2020-08-25,124.7,125.18,123.05,124.82,124.82,
1170,2020-08-26,126.18,126.99,125.08,126.52,126.52,
1171,2020-08-27,127.14,127.49,123.83,125.01,125.01,
1172,2020-08-28,126.01,126.44,124.58,124.81,124.81,
1173,2020-08-31,127.58,131.0,126.0,129.04,129.04,
1174,2020-09-01,132.76,134.8,130.53,134.18,134.18,
1175,2020-09-02,137.59,137.98,127.0,131.4,131.4,
1176,2020-09-03,126.91,128.84,120.5,120.88,120.88,
1177,2020-09-04,120.07,123.7,110.89,120.96,120.96,
1178,2020-09-08,113.95,118.99,112.68,112.82,112.82,
1179,2020-09-09,117.26,119.14,115.26,117.32,117.32,
1180,2020-09-10,120.36,120.5,112.5,113.49,113.49,
1181,2020-09-11,114.57,115.23,110.0,112.0,112.0,
1182,2020-09-14,114.72,115.93,112.8,115.36,115.36,
1183,2020-09-15,118.33,118.83,113.61,115.54,115.54,
1184,2020-09-16,115.23,116.0,112.04,112.13,112.13,
1185,2020-09-17,109.72,112.2,108.71,110.34,110.34,
1186,2020-09-18,110.4,110.88,106.09,106.84,106.84,
1187,2020-09-21,104.54,110.19,103.1,110.08,110.08,
